length,width,area_mm,area_pixel,contrast
1.1639,0.35959,0.0223277,115,50
1.2012,0.352247,0.124647,642,10
1.47332,0.376845,0.11591,597,8
1.72759,0.90664,0.138237,712,15
2.1465,1.47904,0.0675654,348,43
2.3279,1.62498,0.261525,1347,15
2.39592,1.07973,0.278805,1436,22
2.73594,0.422152,0.102125,526,8
3.24002,0.424063,0.136878,705,11
3.40996,1.50871,0.111444,574,14
3.41217,1.507,0.203473,1048,15
4.36977,0.684189,0.336662,1734,22
5.51781,1.80075,0.108532,559,17
5.88039,3.43094,0.519943,2678,15
