length,width,area_mm,area_pixel,contrast
0.216796,0.114333,0.0267932,138,97
0.217477,0.112855,0.02524,130,75
0.224716,0.114282,0.030288,156,86
0.228627,0.135195,0.0335886,173,107
0.232172,0.11412,0.0289289,149,92
0.245177,0.130914,0.0345593,178,83
0.250869,0.140886,0.0388307,200,76
0.253062,0.165938,0.0446553,230,84
0.259739,0.149738,0.0415489,214,109
0.26752,0.10464,0.0306763,158,73
0.279567,0.155342,0.0471793,243,101
0.281957,0.113451,0.0355301,183,87
0.304486,0.111038,0.0363067,187,65
0.339297,0.179598,0.0638765,329,106
0.348408,0.131428,0.0347535,179,64
0.352067,0.107585,0.0421313,217,76
0.353387,0.155281,0.0590227,304,103
0.380115,0.117699,0.0497033,256,81
0.392207,0.136669,0.0586344,302,88
0.435781,0.280735,0.127559,657,127
0.43779,0.197511,0.0914463,471,114
0.536046,0.225148,0.114745,591,22
0.54998,0.204953,0.122123,629,61
0.557852,0.17244,0.0951352,490,19
0.56158,0.172359,0.0545572,281,32
0.562224,0.193831,0.104649,539,21
0.569091,0.155983,0.0953294,491,67
0.579748,0.153369,0.0854276,440,42
0.585391,0.144003,0.0794088,409,11
0.585557,0.239169,0.134743,694,15
0.59342,0.149702,0.0790205,407,35
0.594616,0.237876,0.110085,567,36
0.61766,0.202987,0.0520332,268,12
0.672948,0.235986,0.112803,581,15
0.743608,0.151835,0.109697,565,32
0.754334,0.201878,0.122899,633,24
0.760012,0.168419,0.126588,652,86
0.760167,0.159514,0.0928054,478,21
0.812436,0.349578,0.168719,869,35
0.82599,0.178886,0.147751,761,40
0.827102,0.205323,0.150275,774,19
1.02871,0.213289,0.206579,1064,21
1.03979,0.293206,0.168331,867,25
